generated_narrative,classifications
"The crisp autumn air brushed against her cheeks as Emma hurried down the narrow cobblestone path. She clutched a letter in her hand, the words scrawled by her estranged father haunting her thoughts. With each step, her heart raced faster, uncertainty mingling with a flicker of hope in her chest. Emma knew that confronting her past could either shatter her fragile world or offer a chance at healing, but the only way forward was through these hidden cobblestone streets leading to her father's door.","Neutral, Fast, Conflict Rising"
"Sarah felt a pang of unease as she entered the dimly lit hallway of the old mansion. The floorboards creaked under her weight, each sound amplifying the ominous atmosphere surrounding her. With her heart pounding, she slowly made her way towards the room at the end of the hallway, where strange whispers seemed to emerge.","Negative, Moderate, Conflict Rising"
"The rain poured relentlessly, a steady drumming on the roof that matched the turmoil inside. Sarah sat by the window, tracing the droplets with her fingers, lost in thoughts too heavy to carry alone. Her relationship with her sister had hit a breaking point, words spoken that couldn't be unsaid. The storm outside mirrored the one in her heart.","Negative, Slow, Conflict Resolving"
"Sarah stood at the edge of the cliff, her eyes fixed on the turbulent waves crashing against the rocks below. The salty breeze tousled her hair as she grappled with a decision that could change everything. Far in the distance, a storm was brewing, dark clouds swirling ominously in the sky, mirroring the turmoil within her heart.","Neutral, Slow, Conflict Rising"
"Lily stood at the crossroads, her heart torn between two paths. One led to familiarity and security, while the other promised adventure and uncertainty. After much deliberation, she took a deep breath and stepped resolutely onto the unknown path, determined to find her own way in the world.","Neutral, Moderate, Conflict Resolving"
"The rain poured relentlessly outside, creating a rhythmic drumming against the windows. Inside, Sarah sat on the old, worn-out couch, staring emptily at the flickering TV screen. Memories of arguments and cold silences lingered in the air around her, permeating the once warm and cozy living room.","Negative, Moderate, Conflict Resolving"
"The dark clouds gathered ominously in the sky, casting a shadow over the small village below. The villagers whispered among themselves, sensing a looming threat in the air. Sarah, a young herbalist known for her wisdom, felt a deep unease settling in her heart as she gazed at the distant mountains shrouded in mist. It was as if the very landscape itself knew of the impending danger that approached.","Negative, Slow, Conflict Rising"
"As the sun dipped below the horizon, casting a warm glow over the tranquil meadow, Sarah's heart raced with excitement. Tomorrow was the day she would embark on her first solo journey through the enchanted forest that bordered her village. The thought of the unknown creatures and hidden treasures awaiting her filled her with a mix of anticipation and nervous energy.","Positive, Moderate, Conflict Rising"
"Sarah's heart raced as she finally stepped into the crowded auditorium. She looked out at the sea of expectant faces, her hands slightly trembling. As she began to sing, her voice filled the room, capturing the attention of everyone present. The audience fell silent, completely captivated by the power and emotion in her voice. When she finished her last note, the room erupted into thunderous applause, echoing with cheers and whistles.","Positive, Fast, Conflict Resolving"
"As the sun dipped below the horizon, casting a warm golden glow over the rolling hills, Sarah and Peter sat on the porch swing, hands intertwined. The gentle breeze carried the sweet scent of blooming lilacs, enveloping them in a peaceful moment of tranquility. Sarah broke the silence with a soft smile, ""I'm sorry for the misunderstandings, Peter. Can we try to understand each other better?"" Peter's eyes softened as he nodded, ""I want that too, Sarah. Let's communicate openly from now on.""","Positive, Slow, Conflict Resolving"
"The wind howled outside, rattling the windows of the old cabin. Inside, Jake and Sarah sat in tense silence, their argument from earlier still lingering in the air like a heavy fog. Sarah finally broke the quiet, her voice sharp with frustration, ""I can't do this anymore, Jake. We can't keep pretending everything's okay when it's clearly not.""","Negative, Fast, Conflict Rising"
"The sun slowly dipped below the horizon, casting a warm, golden glow over the peaceful meadow. A gentle breeze whispered through the trees, carrying with it the sweet scent of wildflowers. As the day faded into twilight, two figures emerged from the edge of the forest, their arms linked in a gesture of newfound camaraderie. Their laughter filled the air, echoing across the tranquil landscape, a stark contrast to the tension that had once divided them.","Positive, Slow, Conflict Resolving"
"The storm clouds looming overhead mirrored the turbulent emotions within Max's heart. As he watched the rain cascade down the window, memories of heated arguments replayed in his mind. He clenched his fists, feeling the weight of unresolved issues hanging heavy in the air.","Negative, Fast, Conflict Rising"
"As the sun dipped below the horizon, casting its warm orange glow over the tranquil meadow, Sarah felt a faint tremor of unease prickling at her skin. Shadows elongated, dancing on the grass like mischievous spirits whispering secrets to the evening breeze. She knew she wasn't alone; a lurking presence hovered just beyond the edge of sight, causing her heart to drum a faster rhythm against her ribcage.","Neutral, Slow, Conflict Rising"
"Emily's heart pounded as she peered through the dense foliage, her eyes fixed on the mysterious figure moving stealthily in the moonlit clearing. She knew she was risking everything by getting involved, but the caller's plea for help had stirred something in her that she couldn't ignore. With a deep breath, she stepped forward, her determination overshadowing the fear that gripped her.","Positive, Moderate, Conflict Rising"
"The sun was setting over the vast plains, casting a warm orange hue over the horizon as Sarah and Alex sat down by the campfire. The crackling flames danced to an unknown rhythm, mirroring the quiet laughter between the two friends. They had been on the road for weeks, facing challenges and uncertainties, but in that moment, surrounded by nature's calming embrace, they both knew they found a sense of home within each other's company. As the night unfolded its starry blanket over them, Sarah and Alex shared stories of their past, dreams of the future, and in that bond forged by firelight, they discovered a strength that nothing could shatter.","Positive, Moderate, Conflict Resolving"
"As the sun set behind the rugged mountains, Sarah and James sat by the crackling campfire, the flames casting a warm glow on their faces. They had been friends for years, but tonight felt different. James reached for Sarah's hand, and she looked into his eyes, seeing a mix of nervousness and longing. Without a word, he brought her hand to his lips, planting a soft kiss on her skin. In that moment, time seemed to stand still as they both realized the depth of their feelings for each other.","Positive, Slow, Conflict Resolving"
"Sarah stormed into the office, her eyes blazing with anger as she confronted her colleague about the stolen idea presented in the meeting earlier that day. Voices raised, tensions surged higher, creating a palpable air of conflict in the once serene workplace.","Negative, Fast, Conflict Rising"
"The door burst open, revealing a figure silhouetted against the setting sun. ""I found it!"" the words tumbled out, carrying a sense of urgency that captured everyone's attention. Excitement rippled through the room, faces lighting up as the long-searched-for solution seemed within reach.","Positive, Fast, Conflict Rising"
"The loud roar of the engines filled the air as the racecars sped around the track, each driver intensely focused on gaining the lead. As they approached a sharp turn, one car swerved, causing a chain reaction of chaos behind it. The crowd gasped as tires screeched and metal scraped against metal, creating a symphony of chaos on the racetrack.","Neutral, Fast, Conflict Rising"
"The storm clouds gathered ominously overhead as Sarah hurried through the unfamiliar woods, clutching a worn map that seemed to provide more confusion than guidance. The sound of an approaching howl made her heart race, the eerie cry freezing her steps. She was lost, pursued by unseen dangers, her only ally the determined beat of rain hitting the leaves above.","Neutral, Fast, Conflict Rising"
"Sarah nervously entered the room, her hands trembling as she carried a tray of steaming tea cups. She was about to confront her long-time friend, Emily, about a hurtful secret she had discovered. As Emily turned to face Sarah, a tension hung in the air, waiting to shatter the bond that had once been unbreakable.","Positive, Moderate, Conflict Rising"
"As the sun dipped below the horizon, Sarah wandered through the tranquil garden, the scent of blooming jasmine filling the air. She was surrounded by the soft rustling of the leaves and the distant chirping of crickets. Lost in her thoughts, she traced the winding path, the moonlight casting a silvery glow on the delicate petals of the flowers.","Positive, Slow, Conflict Rising"
"Sarah dashed through the crowded marketplace, her heart pounding with excitement. She clutched the ancient map tightly in her hand, the key to finding the long-lost treasure hidden in the depths of the nearby enchanted forest. Each step she took brought her closer to solving the mysteries that had baffled adventurers for centuries.","Positive, Fast, Conflict Rising"
"Sarah took a deep breath as she entered the meeting room, ready to address the ongoing project issues with her team. She started by highlighting the progress made so far and then gently guided the conversation towards finding solutions rather than blaming individuals. Slowly but steadily, the tension that had been building for weeks started to dissipate as ideas flowed freely, and a sense of teamwork filled the room.","Positive, Moderate, Conflict Resolving"
"The sun dipped below the horizon, casting a warm glow across the tranquil lake. Sarah sat on the dock, her feet skimming the water as she gazed out at the reflections of the trees. In the distance, a loon called out, its haunting cry echoing through the still evening air. Sarah closed her eyes, feeling at peace for the first time in weeks. The weight that had been pressing on her heart seemed to lift, carried away by the gentle breeze that rustled the leaves above her head. She knew that healing took time, but in that moment, surrounded by the beauty of nature, she felt a glimmer of hope begin to bloom within her.","Neutral, Slow, Conflict Resolving"
"Sarah took a deep breath as she stood in front of the old, rundown house. For years, the place had haunted her dreams with memories she wanted to forget. However, today was different. With a determined look in her eyes, she opened the creaky gate and walked towards the front door. As she stepped inside, a wave of nostalgia washed over her, but this time, instead of fear, she felt a sense of calmness and acceptance.","Positive, Moderate, Conflict Resolving"
"The bright sun slowly dipped below the horizon, casting a warm glow over the small town. As the day came to a close, a young man stood on the edge of a cliff, letting the gentle breeze rustle his hair. Memories of the past flooded his mind, but there was a sense of peace in the air.","Neutral, Fast, Conflict Resolving"
"Sarah stood in the kitchen, a warm breeze flowing through the open window. She carefully stirred the pot of soup on the stove, a smile playing on her lips. The aroma of herbs and vegetables filled the room, a comforting scent that reminded her of lazy weekends spent cooking with her grandmother. As the soup simmered, Sarah thought back to the argument she had with her best friend yesterday. They had exchanged harsh words, both feeling hurt and misunderstood. But today, Sarah decided it was time to mend their friendship. She picked up the phone, took a deep breath, and dialed her friend's number.","Positive, Moderate, Conflict Resolving"
"As they walked through the sun-dappled forest, the long-forgotten memories started to resurface. The crunch of leaves under their feet echoed through the silent woods, a sound that seemed both comforting and haunting. The old oak tree, standing tall and proud, served as a silent witness to their shared past. Finally, as they reached the calm river flowing gently nearby, they both realized it was time to confront the truth that had kept them apart for so long.","Neutral, Slow, Conflict Resolving"
"Amidst the bustling city streets, Sarah's heart raced as she dashed towards the airport gate, her flight about to depart. As she reached the security checkpoint, she realized her passport was missing, panic setting in.","Positive, Fast, Conflict Rising"
"The heavy rain poured relentlessly outside, mirroring the turmoil inside Sarah's heart. She had always believed in second chances, but each time she looked at him, the wounds of deceit reopened. His apology seemed hollow, and she struggled with the choice between forgiveness and self-preservation.","Negative, Slow, Conflict Rising"
"In the quiet town of Willow Creek, whispers filled the air like the gentle rustling of leaves in the wind. Sarah stood by the old oak tree, watching as her best friend, Emily, walked hand in hand with the newcomer, Ethan. A sense of unease crept over Sarah as she noticed the way Emily's laughter seemed a little too bright, a little too forced.","Neutral, Slow, Conflict Rising"
"Lightning crackled across the sky as Mara sprinted through the dark, narrow alleyways of the city. Her breath came in sharp gasps, the cold air biting at her lungs. Behind her, the sound of heavy boots thudding against the cobblestones grew louder, a relentless reminder of the danger on her tail. She risked a glance over her shoulder, catching a glimpse of shadowy figures weaving through the darkness, their intentions as ominous as the storm overhead. With a burst of adrenaline, Mara pushed herself harder, knowing that her life depended on the speed of her legs and the quickness of her wits.","Negative, Fast, Conflict Rising"
